﻿[
  {
    "outputFile": "scripts/prod/app.js",
    "inputFile": "scripts/react/app.jsx",
    "minify": {
      "enabled": true
    },
    "includeInProject": true,
    "options": {
      "sourceMap": false
    }
  },
  {
    "outputFile": "scripts/prod/index.js",
    "inputFile": "scripts/react/index.jsx",
    "minify": {
      "enabled": true
    },
    "includeInProject": true,
    "options": {
      "sourceMap": false
    }
  },
  {
    "outputFile": "scripts/prod/auth.js",
    "inputFile": "scripts/react/auth.jsx",
    "minify": {
      "enabled": true
    },
    "includeInProject": true,
    "options": {
      "sourceMap": false
    }
  },
  {
    "outputFile": "scripts/prod/accounts.js",
    "inputFile": "scripts/react/accounts.jsx",
    "minify": {
      "enabled": true
    },
    "includeInProject": true,
    "options": {
      "sourceMap": false
    }
  },
  {
    "outputFile": "scripts/prod/griddleExt.js",
    "inputFile": "scripts/react/griddleExt.jsx",
    "minify": {
      "enabled": true
    },
    "includeInProject": true,
    "options": {
      "sourceMap": false
    }
  },
  {
    "outputFile": "scripts/prod/settings.js",
    "inputFile": "scripts/react/settings.jsx",
    "minify": {
      "enabled": true
    },
    "includeInProject": true,
    "options": {
      "sourceMap": false
    }
  },
  {
    "outputFile": "scripts/prod/register.js",
    "inputFile": "scripts/react/register.jsx",
    "minify": {
      "enabled": true
    },
    "includeInProject": true,
    "options": {
      "sourceMap": false
    }
  },
  {
    "outputFile": "scripts/prod/restore.js",
    "inputFile": "scripts/react/restore.jsx",
    "minify": {
      "enabled": true
    },
    "includeInProject": true,
    "options": {
      "sourceMap": false
    }
  },
  {
    "outputFile": "scripts/prod/validationError.js",
    "inputFile": "scripts/react/validationError.jsx",
    "minify": {
      "enabled": true
    },
    "includeInProject": true,
    "options": {
      "sourceMap": false
    }
  },
  {
    "outputFile": "scripts/prod/repair.js",
    "inputFile": "scripts/react/repair.jsx",
    "minify": {
      "enabled": true
    },
    "includeInProject": true,
    "options": {
      "sourceMap": false
    }
  },
  {
    "outputFile": "scripts/prod/privacy.js",
    "inputFile": "scripts/react/privacy.jsx",
    "minify": {
      "enabled": true
    },
    "includeInProject": true,
    "options": {
      "sourceMap": false
    }
  },
  {
    "outputFile": "scripts/prod/accadm.js",
    "inputFile": "scripts/react/accadm.jsx",
    "minify": {
      "enabled": true
    },
    "includeInProject": true,
    "options": {
      "sourceMap": false
    }
  },
  {
    "outputFile": "scripts/prod/pmntadd.js",
    "inputFile": "scripts/react/pmntadd.jsx",
    "minify": {
      "enabled": true
    },
    "includeInProject": true,
    "options": {
      "sourceMap": false
    }
  },
  {
    "outputFile": "scripts/prod/pmntauto.js",
    "inputFile": "scripts/react/pmntauto.jsx",
    "minify": {
      "enabled": true
    },
    "includeInProject": true,
    "options": {
      "sourceMap": false
    }
  }
]